{"cameraMode":{"drawMode":0,"name":"Shaded","section":"Shading Mode"},"sceneLighting":false,"audioPlay":false,"sceneViewState":{"showFog":true,"showMaterialUpdate":false,"showSkybox":false,"showFlares":true,"showImageEffects":true,"showParticleSystems":true},"in2DMode":false,"pivot":{"x":28.051876068115236,"y":19.543676376342775,"z":74.72335815429688},"rotation":{"x":0.09504964202642441,"y":-0.7201757431030273,"z":0.10067298263311386,"w":0.679857611656189},"size":2.458916425704956,"orthographic":false}