{"cameraMode":{"drawMode":0,"name":"Shaded","section":"Shading Mode"},"sceneLighting":false,"audioPlay":false,"sceneViewState":{"showFog":true,"showMaterialUpdate":false,"showSkybox":false,"showFlares":true,"showImageEffects":true,"showParticleSystems":true},"in2DMode":false,"pivot":{"x":13.595121383666993,"y":1.4590427875518799,"z":74.34308624267578},"rotation":{"x":0.004628978203982115,"y":0.9936179518699646,"z":-0.044142115861177447,"w":0.10382246971130371},"size":2.598076105117798,"orthographic":false}