{"cameraMode":{"drawMode":0,"name":"Shaded","section":"Shading Mode"},"sceneLighting":false,"audioPlay":false,"sceneViewState":{"showFog":true,"showMaterialUpdate":false,"showSkybox":true,"showFlares":true,"showImageEffects":true,"showParticleSystems":true},"in2DMode":false,"pivot":{"x":-24.924375534057618,"y":3.129561424255371,"z":91.0064697265625},"rotation":{"x":-0.06434771418571472,"y":0.11949990689754486,"z":-0.007435154169797897,"w":-0.9908982515335083},"size":10.0,"orthographic":false}