{"cameraMode":{"drawMode":0,"name":"Shaded","section":"Shading Mode"},"sceneLighting":true,"audioPlay":false,"sceneViewState":{"showFog":true,"showMaterialUpdate":false,"showSkybox":false,"showFlares":true,"showImageEffects":true,"showParticleSystems":true},"in2DMode":false,"pivot":{"x":-1.0201927423477173,"y":0.8900123238563538,"z":0.05770103633403778},"rotation":{"x":-0.05453380197286606,"y":0.9086803197860718,"z":-0.12564371526241303,"w":-0.39441972970962527},"size":2.591219425201416,"orthographic":false}