{"cameraMode":{"drawMode":0,"name":"Shaded","section":"Shading Mode"},"sceneLighting":true,"audioPlay":false,"sceneViewState":{"showFog":true,"showMaterialUpdate":false,"showSkybox":false,"showFlares":true,"showImageEffects":true,"showParticleSystems":true},"in2DMode":false,"pivot":{"x":0.3999999761581421,"y":0.9800000190734863,"z":1.8799999952316285},"rotation":{"x":0.04289108142256737,"y":-0.938456118106842,"z":0.1263289600610733,"w":0.31860801577568056},"size":1.0307765007019044,"orthographic":false}