{"cameraMode":{"drawMode":0,"name":"Shaded","section":"Shading Mode"},"sceneLighting":false,"audioPlay":false,"sceneViewState":{"showFog":true,"showMaterialUpdate":false,"showSkybox":false,"showFlares":true,"showImageEffects":true,"showParticleSystems":true},"in2DMode":false,"pivot":{"x":0.00000884993187355576,"y":0.000020999355911044404,"z":0.000011607990927586798},"rotation":{"x":0.16060951352119447,"y":0.8287433981895447,"z":0.4448191523551941,"w":-0.2992529571056366},"size":0.000017320508050033823,"orthographic":false}