{"cameraMode":{"drawMode":0,"name":"Shaded","section":"Shading Mode"},"sceneLighting":true,"audioPlay":true,"sceneViewState":{"showFog":true,"showMaterialUpdate":false,"showSkybox":true,"showFlares":true,"showImageEffects":true,"showParticleSystems":true},"in2DMode":false,"pivot":{"x":-7.37324333190918,"y":8.418475151062012,"z":14.621963500976563},"rotation":{"x":-0.08997061103582382,"y":-0.8720773458480835,"z":0.17527586221694947,"w":-0.4480419158935547},"size":0.17320531606674195,"orthographic":false}