{"cameraMode":{"drawMode":0,"name":"Shaded","section":"Shading Mode"},"sceneLighting":false,"audioPlay":false,"sceneViewState":{"showFog":true,"showMaterialUpdate":false,"showSkybox":false,"showFlares":true,"showImageEffects":true,"showParticleSystems":true},"in2DMode":false,"pivot":{"x":-21.37511444091797,"y":2.1296775341033937,"z":10.078819274902344},"rotation":{"x":0.011795073747634888,"y":-0.9885559678077698,"z":0.10146546363830567,"w":0.11255411058664322},"size":1.61285400390625,"orthographic":false}