{"cameraMode":{"drawMode":0,"name":"Shaded","section":"Shading Mode"},"sceneLighting":false,"audioPlay":false,"sceneViewState":{"showFog":true,"showMaterialUpdate":false,"showSkybox":true,"showFlares":true,"showImageEffects":true,"showParticleSystems":true},"in2DMode":false,"pivot":{"x":0.39222145080566409,"y":0.33664870262145998,"z":1.1221275329589844},"rotation":{"x":-0.022411881014704706,"y":0.9672532081604004,"z":-0.08123243600130081,"w":-0.24094483256340028},"size":10.0,"orthographic":false}