{"cameraMode":{"drawMode":0,"name":"Shaded","section":"Shading Mode"},"sceneLighting":false,"audioPlay":false,"sceneViewState":{"showFog":true,"showMaterialUpdate":false,"showSkybox":false,"showFlares":true,"showImageEffects":true,"showParticleSystems":true},"in2DMode":false,"pivot":{"x":16.797260284423829,"y":19.60902214050293,"z":99.86119842529297},"rotation":{"x":0.03694818913936615,"y":-0.7541599273681641,"z":0.04257095232605934,"w":0.654289960861206},"size":2.458916425704956,"orthographic":false}