{"cameraMode":{"drawMode":0,"name":"Shaded","section":"Shading Mode"},"sceneLighting":true,"audioPlay":false,"sceneViewState":{"showFog":true,"showMaterialUpdate":false,"showSkybox":false,"showFlares":true,"showImageEffects":true,"showParticleSystems":true},"in2DMode":false,"pivot":{"x":0.040683746337890628,"y":2.115851879119873,"z":-5.869361877441406},"rotation":{"x":-0.07901139557361603,"y":0.6907214522361755,"z":0.0763600766658783,"w":0.7147342562675476},"size":10.0,"orthographic":false}