{"cameraMode":{"drawMode":0,"name":"Shaded","section":"Shading Mode"},"sceneLighting":false,"audioPlay":false,"sceneViewState":{"showFog":true,"showMaterialUpdate":false,"showSkybox":false,"showFlares":true,"showImageEffects":true,"showParticleSystems":true},"in2DMode":false,"pivot":{"x":16.25033950805664,"y":7.739999771118164,"z":86.79000091552735},"rotation":{"x":0.000893260003067553,"y":0.999125599861145,"z":-0.027880942448973657,"w":0.03178070858120918},"size":21.21320343017578,"orthographic":false}