{"cameraMode":{"drawMode":0,"name":"Shaded","section":"Shading Mode"},"sceneLighting":true,"audioPlay":false,"sceneViewState":{"showFog":true,"showMaterialUpdate":false,"showSkybox":true,"showFlares":true,"showImageEffects":true,"showParticleSystems":true},"in2DMode":false,"pivot":{"x":3.8439769744873049,"y":3.5227620601654054,"z":85.93050384521485},"rotation":{"x":-0.22620327770709992,"y":-0.03301849216222763,"z":0.007664890494197607,"w":-0.9734998345375061},"size":16.198244094848634,"orthographic":false}