{"cameraMode":{"drawMode":0,"name":"Shaded","section":"Shading Mode"},"sceneLighting":false,"audioPlay":false,"sceneViewState":{"showFog":true,"showMaterialUpdate":false,"showSkybox":true,"showFlares":true,"showImageEffects":true,"showParticleSystems":true},"in2DMode":false,"pivot":{"x":14.155743598937989,"y":3.4782490730285646,"z":22.623897552490236},"rotation":{"x":0.08818008750677109,"y":-0.632053017616272,"z":0.07237789034843445,"w":0.7667056918144226},"size":2.96602725982666,"orthographic":false}